image_url,name,brand,description,target_description,image_url_original,description_word_count,target_word_count,description_quality_note,image_valid,image_error,image_width,image_height
"https://res.cloudinary.com/dx8ffnhq3/image/upload/f_jpg,q_auto/v1756523666/adias2_0_tczvjf.avif",Áo Thun Real Madrid Terrace Icons,Adidas,"Thể hiện niềm đam mê với Real Madrid qua phong cách cổ điển đặc trưng của adidas. Chiếc áo thun bóng đá này là một thiết kế cổ điển, hoàn hảo để bạn thể hiện niềm đam mê của mình trong ngày thi đấu và cả những dịp thường ngày. Logo Ba Lá được thêu trên nền vải single jersey mềm mại mang lại vẻ ngoài cổ điển đặc trưng của những năm 1980.","Thể hiện niềm đam mê với Real Madrid qua phong cách cổ điển đặc trưng của adidas. Chiếc áo thun bóng đá này là một thiết kế cổ điển, hoàn hảo để bạn thể hiện niềm đam mê của mình trong ngày thi đấu và cả những dịp thường ngày. Logo Ba Lá được thêu trên nền vải single jersey mềm mại mang lại vẻ ngoài cổ điển đặc trưng của những năm 1980.","https://res.cloudinary.com/dx8ffnhq3/image/upload/f_jpg,q_auto/v1756523666/adias2_0_tczvjf.avif",74,74,,True,,2000,2000
"https://res.cloudinary.com/dx8ffnhq3/image/upload/f_jpg,q_auto/v1756542181/zara4_0_jnebgr.jpg",ÁO SƠ MI HỌA TIẾT CÁ CHÉP,Zara,"Áo sơ mi vải rũ pha sợi viscose, dáng relaxed fit. Cổ ve nhọn khoét chữ K, cộc tay. Có một túi đáp trước ngực. Gấu xẻ hai bên. Cài phía trước bằng hàng khuy cài.","Áo sơ mi vải rũ pha sợi viscose, dáng relaxed fit. Cổ ve nhọn khoét chữ K, cộc tay. Có một túi đáp trước ngực. Gấu xẻ hai bên. Cài phía trước bằng hàng khuy cài.","https://res.cloudinary.com/dx8ffnhq3/image/upload/f_jpg,q_auto/v1756542181/zara4_0_jnebgr.jpg",36,36,,True,,1024,1536
"https://res.cloudinary.com/dx8ffnhq3/image/upload/f_jpg,q_auto/v1756542183/zara6_0_myokgt.jpg",QUẦN DÁNG WIDE FIT XẾP LI,Zara,"Quần vải pha sợi viscose, dáng wide fit. Cạp có chi tiết xếp li. Có túi hai bên và hai túi may viền phía sau. Cài phía trước bằng khóa kéo và khuy.","Quần vải pha sợi viscose, dáng wide fit. Cạp có chi tiết xếp li. Có túi hai bên và hai túi may viền phía sau. Cài phía trước bằng khóa kéo và khuy.","https://res.cloudinary.com/dx8ffnhq3/image/upload/f_jpg,q_auto/v1756542183/zara6_0_myokgt.jpg",33,33,,True,,1024,1536
"https://res.cloudinary.com/dx8ffnhq3/image/upload/f_jpg,q_auto/v1756543806/lv1_0_ahpsrw.avif",Áo Sơ Mi Da,Louis Vuitton,"Thuộc bộ sưu tập Thu-Đông 2025 do Giám đốc sáng tạo Pharrell hợp tác với nhà thiết kế Nigo, mẫu áo sơ mi da toát lên vẻ đẹp tinh tế, khẳng định kỹ nghệ chế tác bậc thầy của Maison. Chất liệu da bê mềm mại màu be với bề mặt tựa vải Linen, điểm xuyết họa tiết Monogram được in tinh tế. Các nhãn thương hiệu bằng da màu hồng và xanh lá bắt mắt như logo LV Japan trên ngực áo và chữ Vuitton cách điệu ở mặt sau hoàn thiện tổng thể trẻ trung, năng động.","Thuộc bộ sưu tập Thu-Đông 2025 do Giám đốc sáng tạo Pharrell hợp tác với nhà thiết kế Nigo, mẫu áo sơ mi da toát lên vẻ đẹp tinh tế, khẳng định kỹ nghệ chế tác bậc thầy của Maison. Chất liệu da bê mềm mại màu be với bề mặt tựa vải Linen, điểm xuyết họa tiết Monogram được in tinh tế. Các nhãn thương hiệu bằng da màu hồng và xanh lá bắt mắt như logo LV Japan trên ngực áo và chữ Vuitton cách điệu ở mặt sau hoàn thiện tổng thể trẻ trung, năng động.","https://res.cloudinary.com/dx8ffnhq3/image/upload/f_jpg,q_auto/v1756543806/lv1_0_ahpsrw.avif",99,99,,True,,1090,1090
"https://res.cloudinary.com/dx8ffnhq3/image/upload/f_jpg,q_auto/v1756543807/lv3_0_bgsxu0.avif",Áo Hoodie,Louis Vuitton,"Là mảnh ghép bắt mắt cho trang phục thường nhật, mẫu áo Hoodie đậm chất hè được may từ vải Jersey mỏng nhẹ dệt từ sợi Cotton hữu cơ. Nổi bật trên nền vải màu trắng sữa là mô típ hoa lồng ghép chữ Vuitton màu xanh dương đậm, một dấu ấn đặc trưng của bộ sưu tập Thu-Đông 2025. Dây rút mũ trùm cũng có màu xanh dương đồng điệu, kết hợp với đầu dây bằng kim loại màu vàng sẫm.","Là mảnh ghép bắt mắt cho trang phục thường nhật, mẫu áo Hoodie đậm chất hè được may từ vải Jersey mỏng nhẹ dệt từ sợi Cotton hữu cơ. Nổi bật trên nền vải màu trắng sữa là mô típ hoa lồng ghép chữ Vuitton màu xanh dương đậm, một dấu ấn đặc trưng của bộ sưu tập Thu-Đông 2025. Dây rút mũ trùm cũng có màu xanh dương đồng điệu, kết hợp với đầu dây bằng kim loại màu vàng sẫm.","https://res.cloudinary.com/dx8ffnhq3/image/upload/f_jpg,q_auto/v1756543807/lv3_0_bgsxu0.avif",82,82,,True,,1090,1090
"https://res.cloudinary.com/dx8ffnhq3/image/upload/f_jpg,q_auto/v1756545546/hm8_0_gkexgb.avif",Quần dài túi hộp Loose Fit,H&M,"Quần dài túi hộp bằng cotton dệt thoi có cạp chun bọc có dây rút, nẹp kéo khoá giả, túi chéo hai bên, túi sau có nắp cài khuy bấm và túi ống quần cài khuy bấm. Ly xếp may liền ở đầu gối và dây rút ẩn ở gấu. Dáng rộng để mặc thoải mái nhưng không bị thụng.","Quần dài túi hộp bằng cotton dệt thoi có cạp chun bọc có dây rút, nẹp kéo khoá giả, túi chéo hai bên, túi sau có nắp cài khuy bấm và túi ống quần cài khuy bấm. Ly xếp may liền ở đầu gối và dây rút ẩn ở gấu. Dáng rộng để mặc thoải mái nhưng không bị thụng.","https://res.cloudinary.com/dx8ffnhq3/image/upload/f_jpg,q_auto/v1756545546/hm8_0_gkexgb.avif",60,60,,True,,2160,3238
"https://res.cloudinary.com/dizp1emal/image/upload/f_jpg,q_auto/v1763974276/6d4a5cfe33b4ee1effd937614c7f2d887ad064ae_p7dd9o.avif",Giày loafer,H&M,Giày loafer có đường may da đanh và một đai có chi tiết xích kim loại ở phía trước. Lớp lót bằng cotton dệt chéo.,Giày loafer có đường may da đanh và một đai có chi tiết xích kim loại ở phía trước. Lớp lót bằng cotton dệt chéo.,"https://res.cloudinary.com/dizp1emal/image/upload/f_jpg,q_auto/v1763974276/6d4a5cfe33b4ee1effd937614c7f2d887ad064ae_p7dd9o.avif",25,25,,True,,2160,3240
"https://res.cloudinary.com/dizp1emal/image/upload/f_jpg,q_auto/v1763974651/7684c913bd54958dec55a050e8efbd625819161e_rnbvrh.avif",Boot da có chi tiết ghệt bảo hộ,H&M,"Boot làm từ da có chi tiết nhìn giống ghệt bảo hộ cài khuy bấm để bạn có thể tạo kiểu khác nhau. Ống cao ngang mắt cá có quai tròn ở mỗi bên, đế ngoài bằng cao su to dày với độ bám tốt và phần chắn bùn được may chắc chắn ở quanh mũi và gót. Lót vải lưới có đệm và đế trong bằng da có đệm mỏng. Cả khuy bấm và đế đều có logo của nhà thiết kế.","Boot làm từ da có chi tiết nhìn giống ghệt bảo hộ cài khuy bấm để bạn có thể tạo kiểu khác nhau. Ống cao ngang mắt cá có quai tròn ở mỗi bên, đế ngoài bằng cao su to dày với độ bám tốt và phần chắn bùn được may chắc chắn ở quanh mũi và gót. Lót vải lưới có đệm và đế trong bằng da có đệm mỏng. Cả khuy bấm và đế đều có logo của nhà thiết kế.","https://res.cloudinary.com/dizp1emal/image/upload/f_jpg,q_auto/v1763974651/7684c913bd54958dec55a050e8efbd625819161e_rnbvrh.avif",83,83,,True,,2160,3240
"https://res.cloudinary.com/dizp1emal/image/upload/f_jpg,q_auto/v1764038074/louis-vuitton-lv-oxford-derby--BVA00APC02_PM1_Side_view_cw9q76.avif",Giày LV Oxford Derby,Louis Vuitton,"Xuất hiện trên sàn đấu quần vợt những năm 90 dưới đôi chân của tay vợt nổi tiếng nhất thời bấy giờ, thiết kế Hot Lava đã thu hút mọi ánh nhìn trên sân đấu với phong cách táo bạo và độc đáo. Với phiên bản Vapor đặc biệt này, nó đã trở lại với cùng một phong cách đã làm nên biểu tượng, chỉ khác là hiệu suất thi đấu hiện đại như đệm Air Zoom, giúp bạn luôn sẵn sàng tấn công.","Xuất hiện trên sàn đấu quần vợt những năm 90 dưới đôi chân của tay vợt nổi tiếng nhất thời bấy giờ, thiết kế Hot Lava đã thu hút mọi ánh nhìn trên sân đấu với phong cách táo bạo và độc đáo. Với phiên bản Vapor đặc biệt này, nó đã trở lại với cùng một phong cách đã làm nên biểu tượng, chỉ khác là hiệu suất thi đấu hiện đại như đệm Air Zoom, giúp bạn luôn sẵn sàng tấn công.","https://res.cloudinary.com/dizp1emal/image/upload/f_jpg,q_auto/v1764038074/louis-vuitton-lv-oxford-derby--BVA00APC02_PM1_Side_view_cw9q76.avif",84,84,,True,,1090,1090
"https://res.cloudinary.com/dizp1emal/image/upload/f_jpg,q_auto/v1764041434/05919332800-a1_c3pzj9.jpg",THẮT LƯNG DA HIỆU ỨNG CỔ ĐIỂN,Zara,Thắt lưng làm bằng da. Đầu dây có chi tiết kim loại. Khóa cài và đai luồn dây bằng kim loại.,Thắt lưng làm bằng da. Đầu dây có chi tiết kim loại. Khóa cài và đai luồn dây bằng kim loại.,"https://res.cloudinary.com/dizp1emal/image/upload/f_jpg,q_auto/v1764041434/05919332800-a1_c3pzj9.jpg",21,21,,True,,1440,2160
"https://res.cloudinary.com/dizp1emal/image/upload/f_jpg,q_auto/v1764042256/08435364302-a1_uudboh.jpg",VÒNG CỔ XÍCH DÂY THỪNG MẶT DÂY,Zara,Vòng cổ xích với các mắt xích hình dây thừng và mặt dây chuyền cùng tông màu. Cài bằng móc cài.,Vòng cổ xích với các mắt xích hình dây thừng và mặt dây chuyền cùng tông màu. Cài bằng móc cài.,"https://res.cloudinary.com/dizp1emal/image/upload/f_jpg,q_auto/v1764042256/08435364302-a1_uudboh.jpg",21,21,,True,,1024,1536
"https://res.cloudinary.com/dizp1emal/image/upload/f_jpg,q_auto/v1764043409/louis-vuitton-lv-starry-night-bow-tie--M79091_PM2_Front_view_nagvbs.avif",Nơ Bướm LV Starry Night,Louis Vuitton,"Nơ bướm LV Starry Night của bộ sưu tập mùa này toát lên vẻ đẹp lấp lánh nhờ kết hợp giữa chất liệu lụa cao cấp cùng sợi Lurex màu bạc. Với phần nơ được thắt sẵn có thể điều chỉnh độ rộng và cố định bằng móc cài đơn giản, phụ kiện là lựa chọn lý tưởng để phối với trang phục dự tiệc sang trọng.","Nơ bướm LV Starry Night của bộ sưu tập mùa này toát lên vẻ đẹp lấp lánh nhờ kết hợp giữa chất liệu lụa cao cấp cùng sợi Lurex màu bạc. Với phần nơ được thắt sẵn có thể điều chỉnh độ rộng và cố định bằng móc cài đơn giản, phụ kiện là lựa chọn lý tưởng để phối với trang phục dự tiệc sang trọng.","https://res.cloudinary.com/dizp1emal/image/upload/f_jpg,q_auto/v1764043409/louis-vuitton-lv-starry-night-bow-tie--M79091_PM2_Front_view_nagvbs.avif",67,67,,True,,1090,1090
"https://res.cloudinary.com/dizp1emal/image/upload/f_jpg,q_auto/v1764045093/db004e8b396ecc25bce5d85f71717846657c24e2_itvbv0.avif",Thắt lưng da,H&M,"Thắt lưng da với mặt khoá kim loại. Rộng 3,3 cm.","Thắt lưng da với mặt khoá kim loại. Rộng 3,3 cm.","https://res.cloudinary.com/dizp1emal/image/upload/f_jpg,q_auto/v1764045093/db004e8b396ecc25bce5d85f71717846657c24e2_itvbv0.avif",11,11,too_short;,True,,2160,3240
"https://res.cloudinary.com/dx8ffnhq3/image/upload/f_jpg,q_auto/v1756521445/nike1_0_agdwvh.avif",Áo thun thể thao tay ngắn bó sát Dri-FIT dành cho nam,Nike,"Bộ sưu tập Nike Pro mang đến cho bạn sự tự tin để vượt qua các mục tiêu cá nhân. Chiếc áo ôm sát này mang đến cảm giác mềm mại và co giãn, phù hợp với các môn thể thao và bài tập yêu thích của bạn. Hơn nữa, nó còn có viền bo tròn để che phủ tốt hơn hoặc tạo cảm giác chắc chắn khi bạn nhét áo vào quần.","Bộ sưu tập Nike Pro mang đến cho bạn sự tự tin để vượt qua các mục tiêu cá nhân. Chiếc áo ôm sát này mang đến cảm giác mềm mại và co giãn, phù hợp với các môn thể thao và bài tập yêu thích của bạn. Hơn nữa, nó còn có viền bo tròn để che phủ tốt hơn hoặc tạo cảm giác chắc chắn khi bạn nhét áo vào quần.","https://res.cloudinary.com/dx8ffnhq3/image/upload/f_jpg,q_auto/v1756521445/nike1_0_agdwvh.avif",73,73,,True,,1728,2160
"https://res.cloudinary.com/dx8ffnhq3/image/upload/f_jpg,q_auto/v1756522280/nike3_0_bnqo82.avif",Áo polo Dri-FIT nam,Nike,"Chất vải ImpossiblySoft mềm mại và mịn màng đến bất ngờ, mang đến cảm giác thoải mái cho mọi hoạt động. Chiếc áo polo dệt kim đôi cao cấp này được thiết kế với đường may tinh tế và công nghệ Dri-FIT thấm hút mồ hôi, mang đến sự thoải mái tối ưu khi di chuyển.","Chất vải ImpossiblySoft mềm mại và mịn màng đến bất ngờ, mang đến cảm giác thoải mái cho mọi hoạt động. Chiếc áo polo dệt kim đôi cao cấp này được thiết kế với đường may tinh tế và công nghệ Dri-FIT thấm hút mồ hôi, mang đến sự thoải mái tối ưu khi di chuyển.","https://res.cloudinary.com/dx8ffnhq3/image/upload/f_jpg,q_auto/v1756522280/nike3_0_bnqo82.avif",56,56,,True,,1728,2160
"https://res.cloudinary.com/dx8ffnhq3/image/upload/f_jpg,q_auto/v1756522281/nike4_0_l7wzhr.avif",Áo Polo tay ngắn nam,Nike,"Từ sân golf đến câu lạc bộ, chiếc áo polo cổ điển này từ bộ sưu tập Nike Club mang đến một món đồ chủ lực đặc trưng cho tủ đồ của bạn. Chất vải cotton piqué bền bỉ và thoáng khí, đồng thời tạo điểm nhấn tinh tế cho mọi trang phục. Hơn nữa, áo được thiết kế để tạo cảm giác thoải mái cho phần ngực và cơ thể, mang đến phong cách thể thao năng động mà bạn có thể phối nhiều lớp. Kết hợp với quần chinos và giày thể thao Nike yêu thích của bạn để có một vẻ ngoài chỉn chu, lịch lãm mà bạn có thể diện ở bất cứ đâu.","Từ sân golf đến câu lạc bộ, chiếc áo polo cổ điển này từ bộ sưu tập Nike Club mang đến một món đồ chủ lực đặc trưng cho tủ đồ của bạn. Chất vải cotton piqué bền bỉ và thoáng khí, đồng thời tạo điểm nhấn tinh tế cho mọi trang phục. Hơn nữa, áo được thiết kế để tạo cảm giác thoải mái cho phần ngực và cơ thể, mang đến phong cách thể thao năng động mà bạn có thể phối nhiều lớp. Kết hợp với quần chinos và giày thể thao Nike yêu thích của bạn để có một vẻ ngoài chỉn chu, lịch lãm mà bạn có thể diện ở bất cứ đâu.","https://res.cloudinary.com/dx8ffnhq3/image/upload/f_jpg,q_auto/v1756522281/nike4_0_l7wzhr.avif",118,118,,True,,1728,2160
"https://res.cloudinary.com/dx8ffnhq3/image/upload/f_jpg,q_auto/v1756522288/nike6_0_zbzppf.avif",JNike Air Men's Woven Track Trousers,Nike,"Quần thể thao cao cấp này được may từ chất liệu vải chống thấm nước, mềm mại và lớp lót lưới thoáng khí. Kiểu dáng ống quần thẳng, rộng rãi giúp bạn thoải mái vận động suốt cả ngày.","Quần thể thao cao cấp này được may từ chất liệu vải chống thấm nước, mềm mại và lớp lót lưới thoáng khí. Kiểu dáng ống quần thẳng, rộng rãi giúp bạn thoải mái vận động suốt cả ngày.","https://res.cloudinary.com/dx8ffnhq3/image/upload/f_jpg,q_auto/v1756522288/nike6_0_zbzppf.avif",39,39,,True,,1728,2160
"https://res.cloudinary.com/dx8ffnhq3/image/upload/f_jpg,q_auto/v1756526412/adias4_0_mqzfq8.avif",ÁO THUN BUBBLE CHERRY T,Adidas,"Chiếc áo Bubble Cherry T là lựa chọn lý tưởng cho phong cách thoải mái nhưng vẫn thời thượng. Chiếc áo thun in họa tiết graphic này được thiết kế với phom rộng, mang lại cảm giác thoải mái và phong cách đầy tự nhiên. Chất liệu vải thun single jersey mềm mại khi tiếp xúc với da, lý tưởng cho việc mặc suốt cả ngày.","Chiếc áo Bubble Cherry T là lựa chọn lý tưởng cho phong cách thoải mái nhưng vẫn thời thượng. Chiếc áo thun in họa tiết graphic này được thiết kế với phom rộng, mang lại cảm giác thoải mái và phong cách đầy tự nhiên. Chất liệu vải thun single jersey mềm mại khi tiếp xúc với da, lý tưởng cho việc mặc suốt cả ngày.","https://res.cloudinary.com/dx8ffnhq3/image/upload/f_jpg,q_auto/v1756526412/adias4_0_mqzfq8.avif",66,66,,True,,2000,2000
"https://res.cloudinary.com/dx8ffnhq3/image/upload/f_jpg,q_auto/v1756542180/zara1_0_hm2d3d.jpg",ÁO SƠ MI DENIM DÁNG BOXY FIT,Zara,"Áo sơ mi dáng boxy fit, chất liệu denim cotton. Cổ ve lật và tay dài bo gấu cài khuy. Túi ngực chi tiết viền. Hiệu ứng bạc màu. Cài khuy phía trước.","Áo sơ mi dáng boxy fit, chất liệu denim cotton. Cổ ve lật và tay dài bo gấu cài khuy. Túi ngực chi tiết viền. Hiệu ứng bạc màu. Cài khuy phía trước.","https://res.cloudinary.com/dx8ffnhq3/image/upload/f_jpg,q_auto/v1756542180/zara1_0_hm2d3d.jpg",33,33,,True,,1024,1536
"https://res.cloudinary.com/dx8ffnhq3/image/upload/f_jpg,q_auto/v1756542181/zara2_0_dulvij.jpg",ÁO SƠ MI VẢI RŨ KIỂU DÁNG,Zara,"Áo sơ mi dáng suông, may từ vải rũ pha viscose. Cổ ve lật, tay ngắn. Gấu xẻ hai bên. Cài khuy phía trước.","Áo sơ mi dáng suông, may từ vải rũ pha viscose. Cổ ve lật, tay ngắn. Gấu xẻ hai bên. Cài khuy phía trước.","https://res.cloudinary.com/dx8ffnhq3/image/upload/f_jpg,q_auto/v1756542181/zara2_0_dulvij.jpg",24,24,,True,,1024,1536
"https://res.cloudinary.com/dx8ffnhq3/image/upload/f_jpg,q_auto/v1756542195/zara8_0_zqhg4g.jpg",QUẦN DÁNG SLIM FIT THIẾT KẾ THOẢI MÁI,Zara,Quần bằng vải siêu co giãn. Cạp co giãn. Có hai túi phía trước và hai túi may viền phía sau. Cài phía trước bằng khóa kéo và khuy.,Quần bằng vải siêu co giãn. Cạp co giãn. Có hai túi phía trước và hai túi may viền phía sau. Cài phía trước bằng khóa kéo và khuy.,"https://res.cloudinary.com/dx8ffnhq3/image/upload/f_jpg,q_auto/v1756542195/zara8_0_zqhg4g.jpg",29,29,,True,,1024,1536
"https://res.cloudinary.com/dx8ffnhq3/image/upload/f_jpg,q_auto/v1756543814/lv4_0_i0sdyl.avif",Áo Polo,Louis Vuitton,"Lấy cảm hứng từ phong cách đường phố đầu những năm 2000, mẫu áo Polo là một mảnh ghép thuộc bộ sưu tập Thu-Đông 2025 do Giám đốc sáng tạo Pharrell Williams hợp tác sản xuất với nhà thiết kế Nigo. Ngoài chất liệu mỏng nhẹ và thoáng mát, áo còn được tô điểm mô típ biểu tượng của nhà mốt Pháp trên nền vải dệt kim màu nâu sẫm, phù hợp để mặc thường nhật.","Lấy cảm hứng từ phong cách đường phố đầu những năm 2000, mẫu áo Polo là một mảnh ghép thuộc bộ sưu tập Thu-Đông 2025 do Giám đốc sáng tạo Pharrell Williams hợp tác sản xuất với nhà thiết kế Nigo. Ngoài chất liệu mỏng nhẹ và thoáng mát, áo còn được tô điểm mô típ biểu tượng của nhà mốt Pháp trên nền vải dệt kim màu nâu sẫm, phù hợp để mặc thường nhật.","https://res.cloudinary.com/dx8ffnhq3/image/upload/f_jpg,q_auto/v1756543814/lv4_0_i0sdyl.avif",76,76,,True,,1090,1090
"https://res.cloudinary.com/dx8ffnhq3/image/upload/f_jpg,q_auto/v1756543818/lv5_0_iysoox.webp",Quần Jean,Louis Vuitton,"Quần Jean cao cấp, chất liệu denim cotton. Có hai túi phía trước và hai túi may viền phía sau. Cài phía trước bằng khóa kéo và khuy.","Quần Jean cao cấp, chất liệu denim cotton. Có hai túi phía trước và hai túi may viền phía sau. Cài phía trước bằng khóa kéo và khuy.","https://res.cloudinary.com/dx8ffnhq3/image/upload/f_jpg,q_auto/v1756543818/lv5_0_iysoox.webp",28,28,,True,,1090,1090
"https://res.cloudinary.com/dx8ffnhq3/image/upload/f_jpg,q_auto/v1756543824/lv7_0_pcpds7.avif",Quần Dài Họa Tiết Damoflage - Made To Order,Louis Vuitton,"Thuộc bộ sưu tập Thu-Đông 2025, mẫu quần dài ghi dấu ấn với họa tiết Damoflage Sakura màu hồng được dệt kiểu Jacquard, gợi nhớ đến biểu tượng hoa anh đào chủ đạo của BST. Thiết kế sở hữu phom dáng rộng rãi theo phong cách Workwear, kết hợp với chi tiếp đắp trước gối, túi quần và miếng da Jacqueron dập nổi mô típ Mini Damier. Quần có thể kết hợp với áo khoác đồng điệu để tạo nên bộ âu phục đẹp mắt. Đây là sản phẩm được sản xuất theo đơn đặt hàng.","Thuộc bộ sưu tập Thu-Đông 2025, mẫu quần dài ghi dấu ấn với họa tiết Damoflage Sakura màu hồng được dệt kiểu Jacquard, gợi nhớ đến biểu tượng hoa anh đào chủ đạo của BST. Thiết kế sở hữu phom dáng rộng rãi theo phong cách Workwear, kết hợp với chi tiếp đắp trước gối, túi quần và miếng da Jacqueron dập nổi mô típ Mini Damier. Quần có thể kết hợp với áo khoác đồng điệu để tạo nên bộ âu phục đẹp mắt. Đây là sản phẩm được sản xuất theo đơn đặt hàng.","https://res.cloudinary.com/dx8ffnhq3/image/upload/f_jpg,q_auto/v1756543824/lv7_0_pcpds7.avif",96,96,,True,,1090,1090
"https://res.cloudinary.com/dx8ffnhq3/image/upload/f_jpg,q_auto/v1756545524/hm3_0_obyhht.avif",Áo sơ mi linen pha Regular Fit,H&M,"Áo sơ mi bằng cotton và linen mỏng nhẹ dệt thoi có cổ bẻ, nẹp khuy kiểu truyền thống, cầu vai phía sau và một túi ngực mở. Tay dài với măng sét cài khuy điều chỉnh và nẹp tay áo có khuy nối. Vạt tròn. Dáng vừa để mặc thoải mái và tạo dáng cổ điển. Cotton pha linen kết hợp sự mềm mại của cotton với độ bền của linen, tạo ra một loại vải đẹp, có vân nổi, thoáng khí và rủ mềm hoàn hảo.","Áo sơ mi bằng cotton và linen mỏng nhẹ dệt thoi có cổ bẻ, nẹp khuy kiểu truyền thống, cầu vai phía sau và một túi ngực mở. Tay dài với măng sét cài khuy điều chỉnh và nẹp tay áo có khuy nối. Vạt tròn. Dáng vừa để mặc thoải mái và tạo dáng cổ điển. Cotton pha linen kết hợp sự mềm mại của cotton với độ bền của linen, tạo ra một loại vải đẹp, có vân nổi, thoáng khí và rủ mềm hoàn hảo.","https://res.cloudinary.com/dx8ffnhq3/image/upload/f_jpg,q_auto/v1756545524/hm3_0_obyhht.avif",88,88,,True,,1260,1889
"https://res.cloudinary.com/dizp1emal/image/upload/f_jpg,q_auto/v1763973441/39b5c1e7df9d8dbcbd491dd681a3545e88c762d4_svjurh.avif",Giày thuyền,H&M,Giày thuyền buộc dây bên trên và đường may da đanh phía trước. Lót bằng cotton canvas.,Giày thuyền buộc dây bên trên và đường may da đanh phía trước. Lót bằng cotton canvas.,"https://res.cloudinary.com/dizp1emal/image/upload/f_jpg,q_auto/v1763973441/39b5c1e7df9d8dbcbd491dd681a3545e88c762d4_svjurh.avif",17,17,too_short;,True,,2160,3240
"https://res.cloudinary.com/dizp1emal/image/upload/f_jpg,q_auto/v1763998592/AIR_ZOOM_PEGASUS_41_qk6spu.avif",Nike Pegasus 41,Nike,"Đệm phản hồi linh hoạt của Pegasus mang đến trải nghiệm chạy bộ đường trường năng động hàng ngày. Trải nghiệm khả năng hoàn trả năng lượng nhẹ hơn với bộ đôi Air Zoom và đế giữa bằng bọt ReactX. Thêm vào đó, lớp lưới kỹ thuật cải tiến ở phần thân giày giúp giảm trọng lượng và tăng khả năng thoáng khí.","Đệm phản hồi linh hoạt của Pegasus mang đến trải nghiệm chạy bộ đường trường năng động hàng ngày. Trải nghiệm khả năng hoàn trả năng lượng nhẹ hơn với bộ đôi Air Zoom và đế giữa bằng bọt ReactX. Thêm vào đó, lớp lưới kỹ thuật cải tiến ở phần thân giày giúp giảm trọng lượng và tăng khả năng thoáng khí.","https://res.cloudinary.com/dizp1emal/image/upload/f_jpg,q_auto/v1763998592/AIR_ZOOM_PEGASUS_41_qk6spu.avif",63,63,,True,,1070,1338
"https://res.cloudinary.com/dizp1emal/image/upload/f_jpg,q_auto/v1764001114/W_ZOOM_VAPOR_12_HC_PRM_kzokcl.avif",Nike Vapor 12,Nike,"Xuất hiện trên sàn đấu quần vợt những năm 90 dưới đôi chân của tay vợt nổi tiếng nhất thời bấy giờ, thiết kế Hot Lava đã thu hút mọi ánh nhìn trên sân đấu với phong cách táo bạo và độc đáo. Với phiên bản Vapor đặc biệt này, nó đã trở lại với cùng một phong cách đã làm nên biểu tượng, chỉ khác là hiệu suất thi đấu hiện đại như đệm Air Zoom, giúp bạn luôn sẵn sàng tấn công.","Xuất hiện trên sàn đấu quần vợt những năm 90 dưới đôi chân của tay vợt nổi tiếng nhất thời bấy giờ, thiết kế Hot Lava đã thu hút mọi ánh nhìn trên sân đấu với phong cách táo bạo và độc đáo. Với phiên bản Vapor đặc biệt này, nó đã trở lại với cùng một phong cách đã làm nên biểu tượng, chỉ khác là hiệu suất thi đấu hiện đại như đệm Air Zoom, giúp bạn luôn sẵn sàng tấn công.","https://res.cloudinary.com/dizp1emal/image/upload/f_jpg,q_auto/v1764001114/W_ZOOM_VAPOR_12_HC_PRM_kzokcl.avif",84,84,,True,,1070,1338
"https://res.cloudinary.com/dizp1emal/image/upload/f_jpg,q_auto/v1764039442/louis-vuitton-lv-resort-loafer--BVL01BSC92_PM1_Side_view_qtmbct.avif",Giày Lười LV Resort,Louis Vuitton,"Giày Lười LV Resort mang thiết kế tối giản, chất liệu da cao cấp và điểm nhấn logo LV sang trọng, mang lại sự thoải mái và đẳng cấp cho mọi bước chân.","Giày Lười LV Resort mang thiết kế tối giản, chất liệu da cao cấp và điểm nhấn logo LV sang trọng, mang lại sự thoải mái và đẳng cấp cho mọi bước chân.","https://res.cloudinary.com/dizp1emal/image/upload/f_jpg,q_auto/v1764039442/louis-vuitton-lv-resort-loafer--BVL01BSC92_PM1_Side_view_qtmbct.avif",33,33,,True,,1090,1090
"https://res.cloudinary.com/dizp1emal/image/upload/f_jpg,q_auto/v1764041544/03166323420-e1_mrxm9z.jpg",MŨ LEN DÁNG NGẮN CƠ BẢN,Zara,Mũ len dáng ngắn dệt kim từ sợi pha cotton. Có viền lật.,Mũ len dáng ngắn dệt kim từ sợi pha cotton. Có viền lật.,"https://res.cloudinary.com/dizp1emal/image/upload/f_jpg,q_auto/v1764041544/03166323420-e1_mrxm9z.jpg",13,13,too_short;,True,,1440,2160
"https://res.cloudinary.com/dizp1emal/image/upload/f_jpg,q_auto/v1764041774/09065307401-a1_op6lng.jpg",MŨ NỒI VẢI FLANEL,Zara,Mũ nồi có vành được làm từ vải flanen. Co giãn điều chỉnh.,Mũ nồi có vành được làm từ vải flanen. Co giãn điều chỉnh.,"https://res.cloudinary.com/dizp1emal/image/upload/f_jpg,q_auto/v1764041774/09065307401-a1_op6lng.jpg",13,13,too_short;,True,,1440,2160
"https://res.cloudinary.com/dizp1emal/image/upload/f_jpg,q_auto/v1764041976/09569407800-e2_usnd6f.jpg",CÀ VẠT BẢN NHỎ 100% LỤA,Zara,Cà vạt bản nhỏ chất liệu vải lụa.,Cà vạt bản nhỏ chất liệu vải lụa.,"https://res.cloudinary.com/dizp1emal/image/upload/f_jpg,q_auto/v1764041976/09569407800-e2_usnd6f.jpg",8,8,too_short;,True,,1440,2160
"https://res.cloudinary.com/dizp1emal/image/upload/f_jpg,q_auto/v1764043013/louis-vuitton-nano-alma--M81945_PM2_Front_view_x3wq4p.avif",Túi Nano Alma,Louis Vuitton,"Được làm từ da Epi có vân, túi Nano Alma là phiên bản thu nhỏ của mẫu túi Alma kinh điển. Nhỏ gọn mà vẫn đủ tiện dụng, thiết kế có thể đựng vừa điện thoại, chìa khóa, ví đựng thẻ, nước hoa du lịch và nhiều món đồ thiết yếu khác. Sản phẩm có quai xách đôi và dây đeo rời dễ điều chỉnh độ dài để biến hóa nhiều phong cách.","Được làm từ da Epi có vân, túi Nano Alma là phiên bản thu nhỏ của mẫu túi Alma kinh điển. Nhỏ gọn mà vẫn đủ tiện dụng, thiết kế có thể đựng vừa điện thoại, chìa khóa, ví đựng thẻ, nước hoa du lịch và nhiều món đồ thiết yếu khác. Sản phẩm có quai xách đôi và dây đeo rời dễ điều chỉnh độ dài để biến hóa nhiều phong cách.","https://res.cloudinary.com/dizp1emal/image/upload/f_jpg,q_auto/v1764043013/louis-vuitton-nano-alma--M81945_PM2_Front_view_x3wq4p.avif",73,73,,True,,1090,1090
"https://res.cloudinary.com/dizp1emal/image/upload/f_jpg,q_auto/v1764043953/a8fa70a8fda22433b3ee0eed2ccc57d986d96a29_dt1v3m.avif",Mũ lưỡi trai cotton có hoạ tiết,H&M,Mũ lưỡi trai bằng cotton dệt chéo có hoạ tiết phía trước. Đai thấm mồ hôi và đai điều chỉnh có khoá kim loại ở phía sau. Có lót một phần.,Mũ lưỡi trai bằng cotton dệt chéo có hoạ tiết phía trước. Đai thấm mồ hôi và đai điều chỉnh có khoá kim loại ở phía sau. Có lót một phần.,"https://res.cloudinary.com/dizp1emal/image/upload/f_jpg,q_auto/v1764043953/a8fa70a8fda22433b3ee0eed2ccc57d986d96a29_dt1v3m.avif",31,31,,True,,2160,3240
"https://res.cloudinary.com/dizp1emal/image/upload/f_jpg,q_auto/v1764044121/ebcec901154f1514568bdf45888c8e4fb91a5cdd_hle0fn.avif",Mũ cói,H&M,Mũ bằng cói nhựa đan có đai thấm mồ hôi bằng lụa sọc ngang. Vành mũ rộng 9 cm.,Mũ bằng cói nhựa đan có đai thấm mồ hôi bằng lụa sọc ngang. Vành mũ rộng 9 cm.,"https://res.cloudinary.com/dizp1emal/image/upload/f_jpg,q_auto/v1764044121/ebcec901154f1514568bdf45888c8e4fb91a5cdd_hle0fn.avif",19,19,too_short;,True,,2160,3240
"https://res.cloudinary.com/dizp1emal/image/upload/f_jpg,q_auto/v1764044308/146351beacab3cf10b05bd943d226bd682cb74dc_agmd2y.avif",Kính mát,H&M,"Kính mát làm từ thép không gỉ 304 với dáng thẳng, thanh lịch cùng các chi tiết thanh mảnh. Ve mũi điều chỉnh được và mắt kính nhựa phủ màu, chống tia cực tím.","Kính mát làm từ thép không gỉ 304 với dáng thẳng, thanh lịch cùng các chi tiết thanh mảnh. Ve mũi điều chỉnh được và mắt kính nhựa phủ màu, chống tia cực tím.","https://res.cloudinary.com/dizp1emal/image/upload/f_jpg,q_auto/v1764044308/146351beacab3cf10b05bd943d226bd682cb74dc_agmd2y.avif",34,34,,True,,2160,3240
"https://res.cloudinary.com/dizp1emal/image/upload/f_jpg,q_auto/v1764044508/b2fb8940e9ef6a652e84b529353ca7838b0e9909_pb7akn.avif",Kính mát thể thao,H&M,"Kính mát dáng shield chống rạn làm từ polycarbonate. Mắt kính phủ màu, chống tia cực tím.","Kính mát dáng shield chống rạn làm từ polycarbonate. Mắt kính phủ màu, chống tia cực tím.","https://res.cloudinary.com/dizp1emal/image/upload/f_jpg,q_auto/v1764044508/b2fb8940e9ef6a652e84b529353ca7838b0e9909_pb7akn.avif",17,17,too_short;,True,,2160,3240
"https://res.cloudinary.com/dx8ffnhq3/image/upload/f_jpg,q_auto/v1756522286/nike5_0_ewamyw.avif",Jordan Flight Men's Utility Trousers,Nike,Chiếc quần Ripstop nhẹ nhàng và rộng rãi này mang đậm phong cách tiện dụng và truyền thống Jordan. Túi hình thoi kết hợp với túi hộp tiêu chuẩn tạo nên vẻ ngoài độc đáo. Dây rút ở mắt cá chân cho phép bạn điều chỉnh độ dài của quần.,Chiếc quần Ripstop nhẹ nhàng và rộng rãi này mang đậm phong cách tiện dụng và truyền thống Jordan. Túi hình thoi kết hợp với túi hộp tiêu chuẩn tạo nên vẻ ngoài độc đáo. Dây rút ở mắt cá chân cho phép bạn điều chỉnh độ dài của quần.,"https://res.cloudinary.com/dx8ffnhq3/image/upload/f_jpg,q_auto/v1756522286/nike5_0_ewamyw.avif",50,50,,True,,1728,2160
"https://res.cloudinary.com/dx8ffnhq3/image/upload/f_jpg,q_auto/v1756522292/nike7_0_sefwab.avif",Jordan Sport Men's Dri-FIT Mesh Diamond Shorts,Nike,Lưới nhẹ và công nghệ thấm mồ hôi của chúng tôi giúp bạn luôn sảng khoái khi trận đấu nóng lên. Và lớp băng kim cương đặc trưng? Đó chính là điểm nhấn hoàn hảo.,Lưới nhẹ và công nghệ thấm mồ hôi của chúng tôi giúp bạn luôn sảng khoái khi trận đấu nóng lên. Và lớp băng kim cương đặc trưng? Đó chính là điểm nhấn hoàn hảo.,"https://res.cloudinary.com/dx8ffnhq3/image/upload/f_jpg,q_auto/v1756522292/nike7_0_sefwab.avif",35,35,,True,,1728,2160
"https://res.cloudinary.com/dx8ffnhq3/image/upload/f_jpg,q_auto/v1756523661/adias1_0_vjojgx.avif",Áo Thun Arsenal Terrace Icons,Adidas,"Hãy sống lại một trong những thời kỳ đáng nhớ nhất của môn thể thao vua cùng chiếc áo thun adidas Arsenal này. Lấy cảm hứng từ phong cách khán đài thập niên 80, thiết kế này nổi bật với huy hiệu khẩu thần công ở ngực và logo câu lạc bộ cổ điển ở sau cổ áo. Chất vải cotton mềm mại mang đến cảm giác thoải mái dù bạn đang cổ vũ cho Pháo Thủ hay đơn giản chỉ muốn thể hiện tình yêu bóng đá.","Hãy sống lại một trong những thời kỳ đáng nhớ nhất của môn thể thao vua cùng chiếc áo thun adidas Arsenal này. Lấy cảm hứng từ phong cách khán đài thập niên 80, thiết kế này nổi bật với huy hiệu khẩu thần công ở ngực và logo câu lạc bộ cổ điển ở sau cổ áo. Chất vải cotton mềm mại mang đến cảm giác thoải mái dù bạn đang cổ vũ cho Pháo Thủ hay đơn giản chỉ muốn thể hiện tình yêu bóng đá.","https://res.cloudinary.com/dx8ffnhq3/image/upload/f_jpg,q_auto/v1756523661/adias1_0_vjojgx.avif",88,88,,True,,2000,2000
"https://res.cloudinary.com/dx8ffnhq3/image/upload/f_jpg,q_auto/v1756526418/adias5_0_xt793f.avif",Quần Short Sân Nhà Liverpool FC Mùa Giải 25/26,Adidas,"Chào mừng trở về nhà, Những Chiến Binh Áo Đỏ. Liverpool FC và adidas – bộ đôi hoàn hảo qua mọi thời đại. Mở màn cho lần tái hợp thứ ba, chiếc quần short sân nhà này thuộc bộ sưu tập gợi nhớ phong cách từ những năm tháng trước. Liver Bird – biểu tượng của niềm tin và hy vọng trong bóng đá – sải cánh vững chãi ngay trên gấu quần. Công nghệ AEROREADY kiểm soát độ ẩm giúp người hâm mộ luôn khô ráo qua mọi khoảnh khắc ăn mừng cuồng nhiệt.","Chào mừng trở về nhà, Những Chiến Binh Áo Đỏ. Liverpool FC và adidas – bộ đôi hoàn hảo qua mọi thời đại. Mở màn cho lần tái hợp thứ ba, chiếc quần short sân nhà này thuộc bộ sưu tập gợi nhớ phong cách từ những năm tháng trước. Liver Bird – biểu tượng của niềm tin và hy vọng trong bóng đá – sải cánh vững chãi ngay trên gấu quần. Công nghệ AEROREADY kiểm soát độ ẩm giúp người hâm mộ luôn khô ráo qua mọi khoảnh khắc ăn mừng cuồng nhiệt.","https://res.cloudinary.com/dx8ffnhq3/image/upload/f_jpg,q_auto/v1756526418/adias5_0_xt793f.avif",95,95,,True,,2000,2000
"https://res.cloudinary.com/dx8ffnhq3/image/upload/f_jpg,q_auto/v1756526429/adias7_0_mo3sth.avif",Quần Short Nỉ adidas Marvel Spider-man,Adidas,"Spider-Man thân thiện của khu phố xuất hiện đầy ấn tượng khi giăng tơ qua logo 3-Thanh biểu tượng — điểm nhấn thú vị trên chiếc quần short adidas này. Chất vải pha cotton mang lại cảm giác thoải mái, dù bạn đang chiến đấu với những kẻ phản diện hay chỉ đơn giản là thư giãn trong thời gian rảnh. Dây rút ở cạp quần cho phép bạn dễ dàng điều chỉnh độ vừa vặn.","Spider-Man thân thiện của khu phố xuất hiện đầy ấn tượng khi giăng tơ qua logo 3-Thanh biểu tượng — điểm nhấn thú vị trên chiếc quần short adidas này. Chất vải pha cotton mang lại cảm giác thoải mái, dù bạn đang chiến đấu với những kẻ phản diện hay chỉ đơn giản là thư giãn trong thời gian rảnh. Dây rút ở cạp quần cho phép bạn dễ dàng điều chỉnh độ vừa vặn.","https://res.cloudinary.com/dx8ffnhq3/image/upload/f_jpg,q_auto/v1756526429/adias7_0_mo3sth.avif",76,76,,True,,2000,2000
"https://res.cloudinary.com/dx8ffnhq3/image/upload/f_jpg,q_auto/v1756526435/adias8_0_o1kame.avif",Quần Short adidas Crazy Lite — In Họa Tiết Toàn Bộ,Adidas,"Khi bạn gắn bó với sân bóng rổ mỗi ngày, bạn cần một chiếc quần short chuyên dụng để luôn thoải mái trong từng pha di chuyển. Chiếc quần short bóng rổ siêu nhẹ này của adidas nổi bật với họa tiết in khắp quần, mang đến vẻ ngoài độc đáo. Thiết kế rộng rãi giúp bạn tự do bứt tốc từ đầu sân đến cuối sân mà không bị cản trở. Công nghệ CLIMACOOL thoát ẩm và đánh bay mồ hôi mang lại cảm giác mát mẻ, khô ráo và không chút phân tâm.","Khi bạn gắn bó với sân bóng rổ mỗi ngày, bạn cần một chiếc quần short chuyên dụng để luôn thoải mái trong từng pha di chuyển. Chiếc quần short bóng rổ siêu nhẹ này của adidas nổi bật với họa tiết in khắp quần, mang đến vẻ ngoài độc đáo. Thiết kế rộng rãi giúp bạn tự do bứt tốc từ đầu sân đến cuối sân mà không bị cản trở. Công nghệ CLIMACOOL thoát ẩm và đánh bay mồ hôi mang lại cảm giác mát mẻ, khô ráo và không chút phân tâm.","https://res.cloudinary.com/dx8ffnhq3/image/upload/f_jpg,q_auto/v1756526435/adias8_0_o1kame.avif",95,95,,True,,2000,2000
"https://res.cloudinary.com/dx8ffnhq3/image/upload/f_jpg,q_auto/v1756542182/zara3_0_xqwr0f.jpg",ÁO SƠ MI 100% VẢI LINEN,Zara,"Áo sơ mi dáng suông, may từ vải linen pha viscose. Cổ ve lật, tay ngắn. Gấu xẻ hai bên. Cài khuy phía trước.","Áo sơ mi dáng suông, may từ vải linen pha viscose. Cổ ve lật, tay ngắn. Gấu xẻ hai bên. Cài khuy phía trước.","https://res.cloudinary.com/dx8ffnhq3/image/upload/f_jpg,q_auto/v1756542182/zara3_0_xqwr0f.jpg",24,24,,True,,1024,1536
"https://res.cloudinary.com/dx8ffnhq3/image/upload/f_jpg,q_auto/v1756543822/lv6_0_oyire1.avif",Quần Ống Loe,Louis Vuitton,"Mẫu quần ống loe màu đen được may từ hỗn hợp len-Mohair cao cấp, kết hợp năm túi và đinh tán ánh ngọc trai thời thượng. Điểm nhấn thương hiệu được thể hiện tinh tế qua miếng da Nubuck trên túi phụ với dòng chữ Marque L.Vuitton Déposée và chi tiết Jacqueron ở phía sau dập nổi mô típ Mini Damier.","Mẫu quần ống loe màu đen được may từ hỗn hợp len-Mohair cao cấp, kết hợp năm túi và đinh tán ánh ngọc trai thời thượng. Điểm nhấn thương hiệu được thể hiện tinh tế qua miếng da Nubuck trên túi phụ với dòng chữ Marque L.Vuitton Déposée và chi tiết Jacqueron ở phía sau dập nổi mô típ Mini Damier.","https://res.cloudinary.com/dx8ffnhq3/image/upload/f_jpg,q_auto/v1756543822/lv6_0_oyire1.avif",61,61,,True,,1090,1090
"https://res.cloudinary.com/dx8ffnhq3/image/upload/f_jpg,q_auto/v1756543828/lv8_1_ivjj45.avif",Quần Ngắn Họa Tiết Damier,Louis Vuitton,"Mẫu quần ngắn năng động được may từ chất liệu Cotton Piqué màu be điểm xuyết mô típ Damier, kết hợp với các chi tiết bằng vải Nylon nổi bật ở phía ngoài hai ống quần và trên túi quần. Thắt lưng có dây rút bo sọc gân và đầu dây bằng kim loại màu vàng, trong khi nhãn thêu LV Japan tạo điểm nhấn trên túi quần bên trái, gợi liên tưởng đến bộ sưu tập hợp tác với nhà thiết kế Nigo người Nhật. Sản phẩm sẽ phối hợp hài hòa với áo dệt kim đồng điệu để tạo nên tổng thể thoải mái.","Mẫu quần ngắn năng động được may từ chất liệu Cotton Piqué màu be điểm xuyết mô típ Damier, kết hợp với các chi tiết bằng vải Nylon nổi bật ở phía ngoài hai ống quần và trên túi quần. Thắt lưng có dây rút bo sọc gân và đầu dây bằng kim loại màu vàng, trong khi nhãn thêu LV Japan tạo điểm nhấn trên túi quần bên trái, gợi liên tưởng đến bộ sưu tập hợp tác với nhà thiết kế Nigo người Nhật. Sản phẩm sẽ phối hợp hài hòa với áo dệt kim đồng điệu để tạo nên tổng thể thoải mái.","https://res.cloudinary.com/dx8ffnhq3/image/upload/f_jpg,q_auto/v1756543828/lv8_1_ivjj45.avif",106,106,,True,,1090,1090
"https://res.cloudinary.com/dx8ffnhq3/image/upload/f_jpg,q_auto/v1756545540/hm7_0_f896d6.avif",Quần dài dệt chéo Loose Fit,H&M,"Quần dài dệt chéo mềm có ly xếp bên trên. Cạp co giãn, nẹp khoá kéo và khuy, túi chéo hai bên và túi sau giả. Dáng rộng để mặc thoải mái nhưng không bị thụng.","Quần dài dệt chéo mềm có ly xếp bên trên. Cạp co giãn, nẹp khoá kéo và khuy, túi chéo hai bên và túi sau giả. Dáng rộng để mặc thoải mái nhưng không bị thụng.","https://res.cloudinary.com/dx8ffnhq3/image/upload/f_jpg,q_auto/v1756545540/hm7_0_f896d6.avif",36,36,,True,,2160,3240
"https://res.cloudinary.com/dizp1emal/image/upload/f_jpg,q_auto/v1763970330/Giay_Adizero_EVO_SL_trang_JS4487_HM7_yempvu.avif",Giày Adizero EVO SL,Adidas,"Trải nghiệm sự nhanh nhẹn và linh hoạt với đôi giày Adizero Evo SL. Với cảm hứng từ sự đổi mới của những đôi giày chạy đột phá trong dòng Adizero, đặc biệt là Pro Evo 1, Evo SL được thiết kế cho bạn chạy thoải mái, hay chỉ để đi lại. Kết hợp công nghệ Adizero với thiết kế táo bạo lấy cảm hứng từ đua xe, đây là sự tiến hóa của tốc độ trong mọi khía cạnh của cuộc sống. Lớp đệm LIGHTSTRIKE PRO trong phần giữa đế giúp mang lại sự thoải mái và giảm chấn, tối ưu hóa khả năng hồi phục năng lượng.","Trải nghiệm sự nhanh nhẹn và linh hoạt với đôi giày Adizero Evo SL. Với cảm hứng từ sự đổi mới của những đôi giày chạy đột phá trong dòng Adizero, đặc biệt là Pro Evo 1, Evo SL được thiết kế cho bạn chạy thoải mái, hay chỉ để đi lại. Kết hợp công nghệ Adizero với thiết kế táo bạo lấy cảm hứng từ đua xe, đây là sự tiến hóa của tốc độ trong mọi khía cạnh của cuộc sống. Lớp đệm LIGHTSTRIKE PRO trong phần giữa đế giúp mang lại sự thoải mái và giảm chấn, tối ưu hóa khả năng hồi phục năng lượng.","https://res.cloudinary.com/dizp1emal/image/upload/f_jpg,q_auto/v1763970330/Giay_Adizero_EVO_SL_trang_JS4487_HM7_yempvu.avif",109,109,,True,,2000,2000
"https://res.cloudinary.com/dizp1emal/image/upload/f_jpg,q_auto/v1763970617/Giay_Campus_00s_Xam_HQ8707_01_standard_uuadgp.avif",Giày Campus,Adidas,"Dù ra mắt trên sân bóng rổ nhưng dòng giày adidas Campus đã nhanh chóng được ưa chuộng ở khắp mọi nơi. Ở phiên bản này, chúng tôi biến hóa kiểu dáng biểu tượng ấy theo một hướng mới và kết hợp các chất liệu, màu sắc và tỷ lệ thiết kế hiện đại. Thân giày bằng da cao cấp với lớp lót bằng vải dệt terry mềm mại, tất cả đặt trên đế giữa màu trắng ngà — mối liên kết đậm nét với di sản Campus.","Dù ra mắt trên sân bóng rổ nhưng dòng giày adidas Campus đã nhanh chóng được ưa chuộng ở khắp mọi nơi. Ở phiên bản này, chúng tôi biến hóa kiểu dáng biểu tượng ấy theo một hướng mới và kết hợp các chất liệu, màu sắc và tỷ lệ thiết kế hiện đại. Thân giày bằng da cao cấp với lớp lót bằng vải dệt terry mềm mại, tất cả đặt trên đế giữa màu trắng ngà — mối liên kết đậm nét với di sản Campus.","https://res.cloudinary.com/dizp1emal/image/upload/f_jpg,q_auto/v1763970617/Giay_Campus_00s_Xam_HQ8707_01_standard_uuadgp.avif",88,88,,True,,2000,2000
"https://res.cloudinary.com/dizp1emal/image/upload/f_jpg,q_auto/v1763971417/Giay_Mule_Adifom_Stan_Smith_nau_IE7052_01_standard_kilmne.avif",Giày Mule Adifom Stan Smith,Adidas,"Xỏ giày và xuống phố. Biến hóa một thiết kế classic, đôi giày mule adidas này tôn vinh dòng giày Stan Smith biểu tượng theo một cách mà bạn không ngờ tới. Thân giày và đệm gót giày gọn gàng lấy cảm hứng từ thiết kế nguyên bản, nhưng kiểu dáng hầm hố và bề mặt siêu mượt mà là nét biến tấu đầy hiện đại. Giày làm từ chất liệu mút foam có nguồn gốc một phần từ mía, tạo nên thiết kế thân thiện với môi trường để bạn tự hào diện lên mình. Giày không có quai dán và dây giày để tiện xỏ và tháo — nhưng luôn thoải mái trên chân suốt quá trình mang. Mẫu giày này làm từ các chất liệu tự nhiên và có thể tái tạo, là một phần trong hành trình của chúng tôi hướng tới chấm dứt sử dụng tài nguyên hữu hạn và góp phần loại bỏ rác thải nhựa.","Xỏ giày và xuống phố. Biến hóa một thiết kế classic, đôi giày mule adidas này tôn vinh dòng giày Stan Smith biểu tượng theo một cách mà bạn không ngờ tới. Thân giày và đệm gót giày gọn gàng lấy cảm hứng từ thiết kế nguyên bản, nhưng kiểu dáng hầm hố và bề mặt siêu mượt mà là nét biến tấu đầy hiện đại. Giày làm từ chất liệu mút foam có nguồn gốc một phần từ mía, tạo nên thiết kế thân thiện với môi trường để bạn tự hào diện lên mình. Giày không có quai dán và dây giày để tiện xỏ và tháo — nhưng luôn thoải mái trên chân suốt quá trình mang.","https://res.cloudinary.com/dizp1emal/image/upload/f_jpg,q_auto/v1763971417/Giay_Mule_Adifom_Stan_Smith_nau_IE7052_01_standard_kilmne.avif",162,120,too_long;,True,,2000,2000
"https://res.cloudinary.com/dizp1emal/image/upload/f_jpg,q_auto/v1763971761/Giay_Chay_Bo_Ultrarun_5_Mau_xanh_da_troi_JH6019_01_00_standard_iep7xq.avif",Giày Chạy Bộ Ultrarun 5,Adidas,"Hãy chạy xa hơn một chút và nhanh hơn một chút ở mỗi bước chạy. Đôi giày chạy bộ adidas này giúp bạn tiến gần hơn tới mục tiêu với cảm giác bật nảy nhờ đệm Bounce 2.0 siêu nhẹ dưới chân. Thân giày bằng vải lưới giữ cho đôi chân bạn luôn mát mẻ và thoải mái từ đầu đến cuối, trong khi đế ngoài bám chắc giúp bạn bước đi tự tin khi rèn luyện sức bền.","Hãy chạy xa hơn một chút và nhanh hơn một chút ở mỗi bước chạy. Đôi giày chạy bộ adidas này giúp bạn tiến gần hơn tới mục tiêu với cảm giác bật nảy nhờ đệm Bounce 2.0 siêu nhẹ dưới chân. Thân giày bằng vải lưới giữ cho đôi chân bạn luôn mát mẻ và thoải mái từ đầu đến cuối, trong khi đế ngoài bám chắc giúp bạn bước đi tự tin khi rèn luyện sức bền.","https://res.cloudinary.com/dizp1emal/image/upload/f_jpg,q_auto/v1763971761/Giay_Chay_Bo_Ultrarun_5_Mau_xanh_da_troi_JH6019_01_00_standard_iep7xq.avif",79,79,,True,,2000,2000
"https://res.cloudinary.com/dizp1emal/image/upload/f_jpg,q_auto/v1763972427/1443937efc00ff112e9f8a04e15defd5ec23861d_kgq9pr.avif",Giày thể thao H&M be nhạt,H&M,"Giày thể thao với cổ giày có đệm, buộc dây và có lưỡi gà phía trước. Lớp lót và đế trong bằng vải lông xù và đế có vân nổi nhẹ, xẻ rãnh bên dưới.","Giày thể thao với cổ giày có đệm, buộc dây và có lưỡi gà phía trước. Lớp lót và đế trong bằng vải lông xù và đế có vân nổi nhẹ, xẻ rãnh bên dưới.","https://res.cloudinary.com/dizp1emal/image/upload/f_jpg,q_auto/v1763972427/1443937efc00ff112e9f8a04e15defd5ec23861d_kgq9pr.avif",35,35,,True,,2160,3240
"https://res.cloudinary.com/dizp1emal/image/upload/f_jpg,q_auto/v1763975570/NIKE_SB_MALOR_tenvtt.avif",Nike SB Malor,Nike,"Hãy chinh phục đôi giày này! SB Malor được thiết kế dành cho những người mới bắt đầu trượt ván, những người cần một đôi giày có thể chịu được nhiều giờ luyện tập để trau dồi kỹ năng. Các lớp da lộn và vải bạt giúp giày bền bỉ, trong khi đế ngoài kết hợp họa tiết xương cá với họa tiết tròn của Air Force 1 giúp tăng cường độ bám và chuyển động. Hãy xỏ chân vào, Malor đã sẵn sàng để chinh phục mọi thử thách.","Hãy chinh phục đôi giày này! SB Malor được thiết kế dành cho những người mới bắt đầu trượt ván, những người cần một đôi giày có thể chịu được nhiều giờ luyện tập để trau dồi kỹ năng. Các lớp da lộn và vải bạt giúp giày bền bỉ, trong khi đế ngoài kết hợp họa tiết xương cá với họa tiết tròn của Air Force 1 giúp tăng cường độ bám và chuyển động. Hãy xỏ chân vào, Malor đã sẵn sàng để chinh phục mọi thử thách.","https://res.cloudinary.com/dizp1emal/image/upload/f_jpg,q_auto/v1763975570/NIKE_SB_MALOR_tenvtt.avif",90,90,,True,,1070,1338
"https://res.cloudinary.com/dizp1emal/image/upload/f_jpg,q_auto/v1763999340/NIKE_AIR_MAX_SNDR_SE_u28hws.avif",Nike Air Max SNDR SE,Nike,"Vượt xa thời đại năm 1999, Air Max SNDR đã trở lại—và vẫn đáp ứng mọi tiêu chí. Từ chất liệu cao su tổng hợp đến khóa kéo, đôi giày thể thao đột phá này tiếp tục phá vỡ mọi khuôn mẫu. Mở khóa kéo để lộ ra con số 6453, gợi nhớ đến bốn số cuối cùng trong danh sách các văn phòng của Nike trên toàn thế giới, đánh vần chữ NIKE trên bàn phím.","Vượt xa thời đại năm 1999, Air Max SNDR đã trở lại—và vẫn đáp ứng mọi tiêu chí. Từ chất liệu cao su tổng hợp đến khóa kéo, đôi giày thể thao đột phá này tiếp tục phá vỡ mọi khuôn mẫu. Mở khóa kéo để lộ ra con số 6453, gợi nhớ đến bốn số cuối cùng trong danh sách các văn phòng của Nike trên toàn thế giới, đánh vần chữ NIKE trên bàn phím.","https://res.cloudinary.com/dizp1emal/image/upload/f_jpg,q_auto/v1763999340/NIKE_AIR_MAX_SNDR_SE_u28hws.avif",77,77,,True,,1070,1338
"https://res.cloudinary.com/dizp1emal/image/upload/f_jpg,q_auto/v1764000019/ACG_ZOOM_GAIADOME_GTX_SE_dqbpfv.avif",Nike ACG Zoom Gaiadome GORE-TEX SE,Nike,"Đôi giày này sẽ đưa bạn đến bất cứ nơi đâu. Được rèn từ vật liệu siêu bền, chúng sở hữu công nghệ GORE-TEX và các vấu lớn được tinh chỉnh để phù hợp với những sườn núi dốc. Nói một cách đơn giản, chúng được thiết kế đặc biệt cho bất cứ điều gì bạn muốn làm ngoài trời — đi bộ đường dài, đeo ba lô hay đơn giản là khám phá.","Đôi giày này sẽ đưa bạn đến bất cứ nơi đâu. Được rèn từ vật liệu siêu bền, chúng sở hữu công nghệ GORE-TEX và các vấu lớn được tinh chỉnh để phù hợp với những sườn núi dốc. Nói một cách đơn giản, chúng được thiết kế đặc biệt cho bất cứ điều gì bạn muốn làm ngoài trời — đi bộ đường dài, đeo ba lô hay đơn giản là khám phá.","https://res.cloudinary.com/dizp1emal/image/upload/f_jpg,q_auto/v1764000019/ACG_ZOOM_GAIADOME_GTX_SE_dqbpfv.avif",74,74,,True,,1070,1338
"https://res.cloudinary.com/dizp1emal/image/upload/f_jpg,q_auto/v1764036957/louis-vuitton-lv-classic-sneaker--BVU01CMI20_PM1_Side_view_os7bzu.avif",Giày Thể Thao LV Classic,Louis Vuitton,"Phiên bản hai tông màu thời thượng của giày thể thao LV Classic được làm từ vải lưới kỹ thuật và da bê có vân nhiều màu sắc. Điểm nhấn nổi bật là logo LV năng động do Giám đốc sáng tạo của dòng thời trang nam, Pharrell Williams, biến tấu cùng dòng chữ Vuitton tinh tế ở đế ngoài to bản bằng cao su. Linh hoạt và dễ mang, thiết kế sẽ là lựa chọn hoàn hảo cho nhiều phong cách trang phục.","Phiên bản hai tông màu thời thượng của giày thể thao LV Classic được làm từ vải lưới kỹ thuật và da bê có vân nhiều màu sắc. Điểm nhấn nổi bật là logo LV năng động do Giám đốc sáng tạo của dòng thời trang nam, Pharrell Williams, biến tấu cùng dòng chữ Vuitton tinh tế ở đế ngoài to bản bằng cao su. Linh hoạt và dễ mang, thiết kế sẽ là lựa chọn hoàn hảo cho nhiều phong cách trang phục.","https://res.cloudinary.com/dizp1emal/image/upload/f_jpg,q_auto/v1764036957/louis-vuitton-lv-classic-sneaker--BVU01CMI20_PM1_Side_view_os7bzu.avif",84,84,,True,,4096,4096
"https://res.cloudinary.com/dx8ffnhq3/image/upload/f_jpg,q_auto/v1756522279/nike2_0_xqjjjc.avif",Áo khúc côn cầu nam của trường đại học,Nike,"Phong cách thể thao năng động mà bạn có thể diện xuống phố. Với các mảng lưới và điểm nhấn lấp lánh, chiếc áo len oversize này lấy cảm hứng từ những chiếc áo đấu khúc côn cầu cổ điển, mang đến cho bạn vẻ ngoài táo bạo, đậm chất thể thao.","Phong cách thể thao năng động mà bạn có thể diện xuống phố. Với các mảng lưới và điểm nhấn lấp lánh, chiếc áo len oversize này lấy cảm hứng từ những chiếc áo đấu khúc côn cầu cổ điển, mang đến cho bạn vẻ ngoài táo bạo, đậm chất thể thao.","https://res.cloudinary.com/dx8ffnhq3/image/upload/f_jpg,q_auto/v1756522279/nike2_0_xqjjjc.avif",52,52,,True,,1728,2160
"https://res.cloudinary.com/dx8ffnhq3/image/upload/f_jpg,q_auto/v1756522294/nike8_0_yipv26.avif",Nike SB Kearny Cargo Skate Trousers,Nike,"Chiếc quần nhẹ, thấm mồ hôi này được thiết kế để vận động thoải mái. Với 6 túi, bạn sẽ có nhiều chỗ để cất giữ những vật dụng cần thiết một cách an toàn trên và ngoài ván trượt. Dây buộc ở gấu quần cho phép bạn thắt chặt quần ở mắt cá chân hoặc để hở để cảm nhận sự thoải mái.","Chiếc quần nhẹ, thấm mồ hôi này được thiết kế để vận động thoải mái. Với 6 túi, bạn sẽ có nhiều chỗ để cất giữ những vật dụng cần thiết một cách an toàn trên và ngoài ván trượt. Dây buộc ở gấu quần cho phép bạn thắt chặt quần ở mắt cá chân hoặc để hở để cảm nhận sự thoải mái.","https://res.cloudinary.com/dx8ffnhq3/image/upload/f_jpg,q_auto/v1756522294/nike8_0_yipv26.avif",64,64,,True,,1728,2160
"https://res.cloudinary.com/dx8ffnhq3/image/upload/f_jpg,q_auto/v1756526408/adias3_2_pfw3bb.avif",ÁO THUN SMILEY DAISY,Adidas,"Áo thun Smiley Daisy từ adidas Originals mang đến thiết kế vui tươi và kiểu dáng thoải mái, sẵn sàng làm bừng sáng ngày mới của bạn. Chiếc áo thun in đồ hoạ này lan tỏa năng lượng tích cực với hình ảnh hoa cúc tươi vui, mang đến điểm nhấn ngộ nghĩnh cho tủ đồ của bạn. Được làm từ 100% chất liệu Better Cotton, áo mang đến cảm giác mềm mại và thoáng khí – lý tưởng cho trang phục hằng ngày.","Áo thun Smiley Daisy từ adidas Originals mang đến thiết kế vui tươi và kiểu dáng thoải mái, sẵn sàng làm bừng sáng ngày mới của bạn. Chiếc áo thun in đồ hoạ này lan tỏa năng lượng tích cực với hình ảnh hoa cúc tươi vui, mang đến điểm nhấn ngộ nghĩnh cho tủ đồ của bạn. Được làm từ 100% chất liệu Better Cotton, áo mang đến cảm giác mềm mại và thoáng khí – lý tưởng cho trang phục hằng ngày.","https://res.cloudinary.com/dx8ffnhq3/image/upload/f_jpg,q_auto/v1756526408/adias3_2_pfw3bb.avif",84,84,,True,,2000,2000
"https://res.cloudinary.com/dx8ffnhq3/image/upload/f_jpg,q_auto/v1756526424/adias6_0_vh3ub3.avif",Quần Short Graphic In Số,Adidas,"Thư giãn thoải mái trong chiếc quần short adidas này. Với kiểu dáng rộng rãi, thoải mái, chiếc quần này mang đến cảm giác thư thái, tự do. Chất vải tricot mềm mại mang lại cảm giác thoải mái, dù bạn đang thư giãn trên ghế sofa hay ra ngoài cùng bạn bè. Họa tiết graphic số cỡ lớn ở ống quần tạo điểm nhấn thể thao cho diện mạo của bạn.","Thư giãn thoải mái trong chiếc quần short adidas này. Với kiểu dáng rộng rãi, thoải mái, chiếc quần này mang đến cảm giác thư thái, tự do. Chất vải tricot mềm mại mang lại cảm giác thoải mái, dù bạn đang thư giãn trên ghế sofa hay ra ngoài cùng bạn bè. Họa tiết graphic số cỡ lớn ở ống quần tạo điểm nhấn thể thao cho diện mạo của bạn.","https://res.cloudinary.com/dx8ffnhq3/image/upload/f_jpg,q_auto/v1756526424/adias6_0_vh3ub3.avif",72,72,,True,,2000,2000
"https://res.cloudinary.com/dx8ffnhq3/image/upload/f_jpg,q_auto/v1756542182/zara5_0_f120io.jpg",QUẦN VẢI DỆT THIẾT KẾ THOẢI MÁ,Zara,"Quần dáng slim fit, chất liệu vải co giãn hai chiều. Có hai túi phía trước và hai túi may viền cài khuy phía sau. Cài phía trước bằng khóa kéo và khuy.","Quần dáng slim fit, chất liệu vải co giãn hai chiều. Có hai túi phía trước và hai túi may viền cài khuy phía sau. Cài phía trước bằng khóa kéo và khuy.","https://res.cloudinary.com/dx8ffnhq3/image/upload/f_jpg,q_auto/v1756542182/zara5_0_f120io.jpg",33,33,,True,,1024,1536
"https://res.cloudinary.com/dx8ffnhq3/image/upload/f_jpg,q_auto/v1756542184/zara7_0_mlpiwj.jpg",QUẦN CHINO DÁNG SKINNY FIT,Zara,"Áo sơ mi dáng boxy fit, chất liệu denim cotton. Cổ ve lật và tay dài bo gấu cài khuy. Túi ngực chi tiết viền. Hiệu ứng bạc màu. Cài khuy phía trước.","Áo sơ mi dáng boxy fit, chất liệu denim cotton. Cổ ve lật và tay dài bo gấu cài khuy. Túi ngực chi tiết viền. Hiệu ứng bạc màu. Cài khuy phía trước.","https://res.cloudinary.com/dx8ffnhq3/image/upload/f_jpg,q_auto/v1756542184/zara7_0_mlpiwj.jpg",33,33,,True,,1024,1536
"https://res.cloudinary.com/dx8ffnhq3/image/upload/f_jpg,q_auto/v1756543806/lv2_0_x3m1nl.webp",Áo Sơ Mi Họa Tiết Damier,Louis Vuitton,"Được may từ vải lụa Twill óng ánh, mẫu áo sơ mi ngắn tay gây ấn tượng với nền vải phủ họa tiết Damier, lồng ghép dòng chữ Marque L.Vuitton Déposée đặc trưng. Với gam màu xanh dương thanh lịch, thiết kế dễ dàng kết hợp với các mẫu trang phục màu trơn hoặc quần ngắn đồng điệu để tạo nên tổng thể thời thượng.","Được may từ vải lụa Twill óng ánh, mẫu áo sơ mi ngắn tay gây ấn tượng với nền vải phủ họa tiết Damier, lồng ghép dòng chữ Marque L.Vuitton Déposée đặc trưng. Với gam màu xanh dương thanh lịch, thiết kế dễ dàng kết hợp với các mẫu trang phục màu trơn hoặc quần ngắn đồng điệu để tạo nên tổng thể thời thượng.","https://res.cloudinary.com/dx8ffnhq3/image/upload/f_jpg,q_auto/v1756543806/lv2_0_x3m1nl.webp",65,65,,True,,1090,1090
"https://res.cloudinary.com/dx8ffnhq3/image/upload/f_jpg,q_auto/v1756545518/hm1_2_ijbzia.avif",Áo sơ mi linen pha Regular Fit,H&M,"Áo sơ mi bằng cotton mỏng nhẹ và linen dệt thoi có cổ bẻ, nẹp khuy kiểu truyền thống, cầu vai phía sau và một túi ngực mở. Tay dài với măng sét cài khuy điều chỉnh và nẹp tay áo có khuy nối. Vạt tròn. Dáng vừa để mặc thoải mái và tạo dáng cổ điển. Cotton pha linen kết hợp sự mềm mại của cotton với độ bền của linen, tạo ra một loại vải đẹp, có vân nổi, thoáng khí và rủ mềm hoàn hảo.","Áo sơ mi bằng cotton mỏng nhẹ và linen dệt thoi có cổ bẻ, nẹp khuy kiểu truyền thống, cầu vai phía sau và một túi ngực mở. Tay dài với măng sét cài khuy điều chỉnh và nẹp tay áo có khuy nối. Vạt tròn. Dáng vừa để mặc thoải mái và tạo dáng cổ điển. Cotton pha linen kết hợp sự mềm mại của cotton với độ bền của linen, tạo ra một loại vải đẹp, có vân nổi, thoáng khí và rủ mềm hoàn hảo.","https://res.cloudinary.com/dx8ffnhq3/image/upload/f_jpg,q_auto/v1756545518/hm1_2_ijbzia.avif",88,88,,True,,1260,1890
"https://res.cloudinary.com/dx8ffnhq3/image/upload/f_jpg,q_auto/v1756545520/hm2_2_rty8yd.avif",Áo sơ mi jersey cổ hai ve Regular Fit,H&M,"Áo sơ mi ngắn tay bằng vải jersey vân nổi làm từ cotton pha có cổ hai ve, nẹp khuy liền và vạt ngang. Dáng vừa để mặc thoải mái và tạo dáng cổ điển.","Áo sơ mi ngắn tay bằng vải jersey vân nổi làm từ cotton pha có cổ hai ve, nẹp khuy liền và vạt ngang. Dáng vừa để mặc thoải mái và tạo dáng cổ điển.","https://res.cloudinary.com/dx8ffnhq3/image/upload/f_jpg,q_auto/v1756545520/hm2_2_rty8yd.avif",35,35,,True,,1260,1890
"https://res.cloudinary.com/dx8ffnhq3/image/upload/f_jpg,q_auto/v1756545527/hm4_0_xisg2e.avif",Áo sơ mi cổ hai ve dệt ô vuông Loose Fit,H&M,"Áo sơ mi ngắn tay bằng jersey dệt ô vuông mềm có cổ hai ve, nẹp khuy liền, cầu vai phía sau, vai ráp trễ và vạt ngang có đường xẻ hai bên. Dáng rộng để mặc thoải mái nhưng không bị thụng.","Áo sơ mi ngắn tay bằng jersey dệt ô vuông mềm có cổ hai ve, nẹp khuy liền, cầu vai phía sau, vai ráp trễ và vạt ngang có đường xẻ hai bên. Dáng rộng để mặc thoải mái nhưng không bị thụng.","https://res.cloudinary.com/dx8ffnhq3/image/upload/f_jpg,q_auto/v1756545527/hm4_0_xisg2e.avif",43,43,,True,,2160,3238
"https://res.cloudinary.com/dx8ffnhq3/image/upload/f_jpg,q_auto/v1756545532/hm5_0_dyun6b.avif",Loose Cargo Jeans,H&M,"Quần jean túi hộp bằng cotton denim cứng với ống bo tròn và dáng rộng từ vòng ba cho tới gấu với toàn bộ ống quần rộng rãi. Cạp thường với nẹp khoá kéo và khuy. Túi hai bên, túi sau và túi ống quần có nắp. Đây là tất cả những gì bạn cần để diện một bộ denim hoàn hảo.","Quần jean túi hộp bằng cotton denim cứng với ống bo tròn và dáng rộng từ vòng ba cho tới gấu với toàn bộ ống quần rộng rãi. Cạp thường với nẹp khoá kéo và khuy. Túi hai bên, túi sau và túi ống quần có nắp. Đây là tất cả những gì bạn cần để diện một bộ denim hoàn hảo.","https://res.cloudinary.com/dx8ffnhq3/image/upload/f_jpg,q_auto/v1756545532/hm5_0_dyun6b.avif",62,62,,True,,2160,3239
"https://res.cloudinary.com/dx8ffnhq3/image/upload/f_jpg,q_auto/v1756545538/hm6_0_dbegch.avif",Baggy Jeans,H&M,Quần jean 5 túi bằng cotton denim cứng. Ống lượn tròn và dáng baggy từ vòng ba cho tới gấu với toàn bộ ống quần rộng rãi. Đũng hạ thấp và trùng ở mắt cá. Cạp thường và nẹp khoá kéo. Đây là món đồ denim hoàn hảo.,Quần jean 5 túi bằng cotton denim cứng. Ống lượn tròn và dáng baggy từ vòng ba cho tới gấu với toàn bộ ống quần rộng rãi. Đũng hạ thấp và trùng ở mắt cá. Cạp thường và nẹp khoá kéo. Đây là món đồ denim hoàn hảo.,"https://res.cloudinary.com/dx8ffnhq3/image/upload/f_jpg,q_auto/v1756545538/hm6_0_dbegch.avif",48,48,,True,,2160,3240
"https://res.cloudinary.com/dizp1emal/image/upload/f_jpg,q_auto/v1763971092/Giay_SL_72_RS_DJen_JI1282_01_standard_x3ycmz.avif",Giày SL 72 RS,Adidas,"Đôi giày adidas này sẵn sàng cho những hành trình phiêu lưu thường ngày. Ra đời năm 1972 dành cho các vận động viên điền kinh, giày SL 72 đã trường tồn qua bao thập kỷ nhờ phong cách thanh thoát và tối giản. Đế giữa bằng chất liệu EVA và đế ngoài bằng cao su sần mang lại cảm giác êm ái và độ bám đảm bảo sự thoải mái suốt ngày dài, bất kể bạn đang dạo phố hay tụ tập bạn bè. Các chi tiết phủ ngoài bằng da lộn tạo chiều sâu và hiệu ứng sần cho thân giày bằng vải nylon. Hãy diện lên mình thiết kế adidas iconic này và tìm về tinh thần đơn giản trong quá khứ.","Đôi giày adidas này sẵn sàng cho những hành trình phiêu lưu thường ngày. Ra đời năm 1972 dành cho các vận động viên điền kinh, giày SL 72 đã trường tồn qua bao thập kỷ nhờ phong cách thanh thoát và tối giản. Đế giữa bằng chất liệu EVA và đế ngoài bằng cao su sần mang lại cảm giác êm ái và độ bám đảm bảo sự thoải mái suốt ngày dài, bất kể bạn đang dạo phố hay tụ tập bạn bè. Các chi tiết phủ ngoài bằng da lộn tạo chiều sâu và hiệu ứng sần cho thân giày bằng vải nylon.","https://res.cloudinary.com/dizp1emal/image/upload/f_jpg,q_auto/v1763971092/Giay_SL_72_RS_DJen_JI1282_01_standard_x3ycmz.avif",125,106,,True,,2000,2000
"https://res.cloudinary.com/dizp1emal/image/upload/f_jpg,q_auto/v1763975012/M_NIKE_METCON_10_nngoef.avif",Nike Metcon 10,Nike,"Tăng cường tiềm năng tập luyện chéo của bạn với Metcon 10. Sản phẩm tối ưu hóa độ ổn định cho các bài tập nặng hơn với đế Hyperlift siêu bền và tăng cường khả năng vận động với lớp mút ReactX đàn hồi. Với khả năng hoàn trả năng lượng tốt hơn và trọng lượng nhẹ hơn Metcon 9, sản phẩm giúp bạn chinh phục mọi chuyển động mà bài tập yêu cầu.","Tăng cường tiềm năng tập luyện chéo của bạn với Metcon 10. Sản phẩm tối ưu hóa độ ổn định cho các bài tập nặng hơn với đế Hyperlift siêu bền và tăng cường khả năng vận động với lớp mút ReactX đàn hồi. Với khả năng hoàn trả năng lượng tốt hơn và trọng lượng nhẹ hơn Metcon 9, sản phẩm giúp bạn chinh phục mọi chuyển động mà bài tập yêu cầu.","https://res.cloudinary.com/dizp1emal/image/upload/f_jpg,q_auto/v1763975012/M_NIKE_METCON_10_nngoef.avif",74,74,,True,,1070,1338
"https://res.cloudinary.com/dizp1emal/image/upload/f_jpg,q_auto/v1763975332/W_NIKE_FREE_METCON_6_vkk2qf.avif",Nike Free Metcon 6,Nike,"Free Metcon 6 mở ra thế giới luyện tập đa dạng cho bạn. Chúng tôi đã tăng cường độ linh hoạt cho phần mũi bàn chân, giúp đôi giày linh hoạt nhất của chúng tôi có thể thích ứng tốt nhất, và gia cố thêm phần gót chân bằng lớp đệm mút. Điều này đồng nghĩa với việc bạn có thể tự do thực hiện các động tác mạnh mẽ trong các bài tập plyo và cardio, cùng với nền tảng vững chắc cần thiết cho các bài tập tạ.","Free Metcon 6 mở ra thế giới luyện tập đa dạng cho bạn. Chúng tôi đã tăng cường độ linh hoạt cho phần mũi bàn chân, giúp đôi giày linh hoạt nhất của chúng tôi có thể thích ứng tốt nhất, và gia cố thêm phần gót chân bằng lớp đệm mút. Điều này đồng nghĩa với việc bạn có thể tự do thực hiện các động tác mạnh mẽ trong các bài tập plyo và cardio, cùng với nền tảng vững chắc cần thiết cho các bài tập tạ.","https://res.cloudinary.com/dizp1emal/image/upload/f_jpg,q_auto/v1763975332/W_NIKE_FREE_METCON_6_vkk2qf.avif",90,90,,True,,1070,1338
"https://res.cloudinary.com/dizp1emal/image/upload/f_jpg,q_auto/v1763999755/NIKE_SB_ZOOM_BLAZER_MID_vby3uc.avif",Nike SB Malor,Nike,"Hãy chinh phục đôi giày này! SB Malor được thiết kế dành cho những người mới bắt đầu trượt ván, những người cần một đôi giày có thể chịu được nhiều giờ luyện tập để trau dồi kỹ năng. Các lớp da lộn và vải bạt giúp giày bền bỉ, trong khi đế ngoài kết hợp họa tiết xương cá với họa tiết tròn của Air Force 1 giúp tăng cường độ bám và chuyển động. Hãy xỏ chân vào, Malor đã sẵn sàng để chinh phục mọi thử thách.","Hãy chinh phục đôi giày này! SB Malor được thiết kế dành cho những người mới bắt đầu trượt ván, những người cần một đôi giày có thể chịu được nhiều giờ luyện tập để trau dồi kỹ năng. Các lớp da lộn và vải bạt giúp giày bền bỉ, trong khi đế ngoài kết hợp họa tiết xương cá với họa tiết tròn của Air Force 1 giúp tăng cường độ bám và chuyển động. Hãy xỏ chân vào, Malor đã sẵn sàng để chinh phục mọi thử thách.","https://res.cloudinary.com/dizp1emal/image/upload/f_jpg,q_auto/v1763999755/NIKE_SB_ZOOM_BLAZER_MID_vby3uc.avif",90,90,,True,,1070,1338
"https://res.cloudinary.com/dizp1emal/image/upload/f_jpg,q_auto/v1764037893/louis-vuitton-lv-buttersoft-sneaker--BTU01TSKMA_PM1_Side_view_chjzpl.avif",Giày Thể Thao LV BUTTERSOFT,Louis Vuitton,"Là một thiết kế của Giám đốc sáng tạo Pharrell Williams, giày LV BUTTERSOFT được lấy cảm hứng từ thập niên 60 khi giày thể thao lần đầu tiên trở thành phụ kiện thời trang. Phiên bản này được may từ da cừu và da bê in họa tiết Monogram biểu tượng, kết hợp thân trên lót đệm êm ái. Dấu ấn thương hiệu được thể hiện qua logo LV, viền da tự nhiên và các mô típ dập nổi của bộ sưu tập Thu-Đông 2025 như tôm hùm và góc mặt nghiêng của Pharrell Williams.","Là một thiết kế của Giám đốc sáng tạo Pharrell Williams, giày LV BUTTERSOFT được lấy cảm hứng từ thập niên 60 khi giày thể thao lần đầu tiên trở thành phụ kiện thời trang. Phiên bản này được may từ da cừu và da bê in họa tiết Monogram biểu tượng, kết hợp thân trên lót đệm êm ái. Dấu ấn thương hiệu được thể hiện qua logo LV, viền da tự nhiên và các mô típ dập nổi của bộ sưu tập Thu-Đông 2025 như tôm hùm và góc mặt nghiêng của Pharrell Williams.","https://res.cloudinary.com/dizp1emal/image/upload/f_jpg,q_auto/v1764037893/louis-vuitton-lv-buttersoft-sneaker--BTU01TSKMA_PM1_Side_view_chjzpl.avif",96,96,,True,,1090,1090
"https://res.cloudinary.com/dizp1emal/image/upload/f_jpg,q_auto/v1764040702/03920660700-a1_jckcgg.jpg",KHĂN QUÀNG HỌA TIẾT KẺ SỌC VÀ TUA RUA,Zara,Khăn quàng được làm từ vải có độ mềm mại. Hai đầu phối tua rua.,Khăn quàng được làm từ vải có độ mềm mại. Hai đầu phối tua rua.,"https://res.cloudinary.com/dizp1emal/image/upload/f_jpg,q_auto/v1764040702/03920660700-a1_jckcgg.jpg",15,15,too_short;,True,,1440,2160
"https://res.cloudinary.com/dizp1emal/image/upload/f_jpg,q_auto/v1764042734/louis-vuitton-tiny-recto-verso-card-holder-lv-bloom--M14614_PM2_Front_view_g6ikjv.avif",Ví Đựng Thẻ Tiny Recto Verso LV Bloom,Louis Vuitton,"Thuộc bộ sưu tập LV Bloom, ví đựng thẻ Tiny Recto Verso được may từ da bê trong gam màu nổi bật, điểm xuyết phụ kiện trang trí hình hoa Monogram với lớp hoàn thiện ánh kim hai màu. Không gian ví được tối ưu nhờ thiết kế xếp ly thông minh, gồm một ngăn lớn ở mặt trước kết hợp với hai khe đựng thẻ ở mặt sau.","Thuộc bộ sưu tập LV Bloom, ví đựng thẻ Tiny Recto Verso được may từ da bê trong gam màu nổi bật, điểm xuyết phụ kiện trang trí hình hoa Monogram với lớp hoàn thiện ánh kim hai màu. Không gian ví được tối ưu nhờ thiết kế xếp ly thông minh, gồm một ngăn lớn ở mặt trước kết hợp với hai khe đựng thẻ ở mặt sau.","https://res.cloudinary.com/dizp1emal/image/upload/f_jpg,q_auto/v1764042734/louis-vuitton-tiny-recto-verso-card-holder-lv-bloom--M14614_PM2_Front_view_g6ikjv.avif",69,69,,True,,1090,1090
